noise,eve_rate,qber,qber_sd,key_bits,p_accept,p_monitor,p_reject
0.0,0.0,0.0,0.0,2985.5666666666666,1.0,0.0,0.0
0.0,0.1,0.025302976649103345,0.003919327263986266,1551.7666666666667,1.0,0.0,0.0
0.0,0.2,0.05023630771730988,0.0072566307691371975,743.3333333333334,0.4666666666666667,0.5333333333333333,0.0
0.0,0.3,0.07523974050668701,0.008396650019243454,127.1,0.0,1.0,0.0
0.0,0.5,0.12426420439854378,0.010097885093742922,0.0,0.0,0.06666666666666667,0.9333333333333333
0.0,1.0,0.24983968652165828,0.014497836120980667,0.0,0.0,0.0,1.0
0.01,0.0,0.01010214903865959,0.0028674132121109595,2213.5333333333333,1.0,0.0,0.0
0.01,0.1,0.033975521048925095,0.00480564272788056,1249.4,1.0,0.0,0.0
0.01,0.2,0.059106385671222464,0.0054642898632743814,493.9,0.06666666666666667,0.9333333333333333,0.0
0.01,0.3,0.08357366883355824,0.009264979651409464,45.53333333333333,0.0,1.0,0.0
0.01,0.5,0.12726969278647232,0.008750512913281657,0.0,0.0,0.06666666666666667,0.9333333333333333
0.01,1.0,0.2546782777026772,0.0146295066397872,0.0,0.0,0.0,1.0
0.02,0.0,0.01944944546992733,0.004333869656603644,1790.3666666666666,1.0,0.0,0.0
0.02,0.1,0.04376251159104114,0.00593843412268291,932.1333333333333,0.8666666666666667,0.13333333333333333,0.0
0.02,0.2,0.06847035018921717,0.0077599385516056146,270.23333333333335,0.0,1.0,0.0
0.02,0.3,0.09019116973796418,0.009425893667810175,11.3,0.0,0.9666666666666667,0.03333333333333333
0.02,0.5,0.14109517419657586,0.009767891558235665,0.0,0.0,0.0,1.0
0.02,1.0,0.2588714164934541,0.01429512393666393,0.0,0.0,0.0,1.0
0.03,0.0,0.02953140678238285,0.004203013624164895,1396.7666666666667,1.0,0.0,0.0
0.03,0.1,0.05482979288025684,0.007094106693698416,615.3666666666667,0.23333333333333334,0.7666666666666667,0.0
0.03,0.2,0.0799175793277468,0.010443093551100575,83.03333333333333,0.0,1.0,0.0
0.03,0.3,0.10404392515099113,0.008503041672472083,0.0,0.0,0.7666666666666667,0.23333333333333334
0.03,0.5,0.14922825726852704,0.01189756587811875,0.0,0.0,0.0,1.0
0.03,1.0,0.26710510139742355,0.014868608849895912,0.0,0.0,0.0,1.0
0.04,0.0,0.03878148727149965,0.00715464765408201,1092.1666666666667,0.9333333333333333,0.06666666666666667,0.0
0.04,0.1,0.06456557015929215,0.008652102305610664,359.6,0.0,1.0,0.0
0.04,0.2,0.08825989817376363,0.010145485306685943,24.166666666666668,0.0,1.0,0.0
0.04,0.3,0.10894632681718515,0.008896737982706203,0.0,0.0,0.5333333333333333,0.4666666666666667
0.04,0.5,0.15575184020193142,0.009583438483728179,0.0,0.0,0.0,1.0
0.04,1.0,0.2673463592936578,0.015553487674473078,0.0,0.0,0.0,1.0
0.05,0.0,0.046780025722334515,0.007763307950455764,847.3333333333334,0.6333333333333333,0.36666666666666664,0.0
0.05,0.1,0.07221663561215977,0.0072395179534986845,173.46666666666667,0.0,1.0,0.0
0.05,0.2,0.09396648794769875,0.008025888237461035,4.966666666666667,0.0,0.9666666666666667,0.03333333333333333
0.05,0.3,0.11683269274214174,0.009209946636967446,0.0,0.0,0.3,0.7
0.05,0.5,0.16399795269708967,0.011608126209305205,0.0,0.0,0.0,1.0
0.05,1.0,0.2741930768280051,0.011395716850129953,0.0,0.0,0.0,1.0
0.06,0.0,0.058224428454387134,0.006254497417432704,517.1333333333333,0.06666666666666667,0.9333333333333333,0.0
0.06,0.1,0.08327316080509949,0.007571855365346076,29.833333333333332,0.0,1.0,0.0
0.06,0.2,0.09992501051268295,0.009863105322807852,0.0,0.0,0.8333333333333334,0.16666666666666666
0.06,0.3,0.12612241166509738,0.009667359306969922,0.0,0.0,0.03333333333333333,0.9666666666666667
0.06,0.5,0.17147212251826954,0.013356350216988657,0.0,0.0,0.0,1.0
0.06,1.0,0.2792240731105256,0.015804436268178648,0.0,0.0,0.0,1.0
0.07,0.0,0.07127512640605707,0.0066912452011274074,193.1,0.0,1.0,0.0
0.07,0.1,0.09099781250852938,0.008436764317045223,4.7,0.0,1.0,0.0
0.07,0.2,0.11657366285409101,0.011221777830253634,0.0,0.0,0.26666666666666666,0.7333333333333333
0.07,0.3,0.13536771513396287,0.009377990512281137,0.0,0.0,0.0,1.0
0.07,0.5,0.18065812726848784,0.01248957374946001,0.0,0.0,0.0,1.0
0.07,1.0,0.2849113712510247,0.01266730376507102,0.0,0.0,0.0,1.0
0.08,0.0,0.07682195516547351,0.008853165161936323,115.23333333333333,0.0,1.0,0.0
0.08,0.1,0.10012580915310695,0.007405174793589343,0.0,0.0,0.9,0.1
0.08,0.2,0.11946087751816213,0.007259794081919076,0.0,0.0,0.13333333333333333,0.8666666666666667
0.08,0.3,0.14157703118373538,0.008592696827682052,0.0,0.0,0.0,1.0
0.08,0.5,0.18563862700816333,0.012853908764140009,0.0,0.0,0.0,1.0
0.08,1.0,0.29001597430491927,0.015414282794383288,0.0,0.0,0.0,1.0
0.1,0.0,0.09548345087482447,0.006942352224830042,0.0,0.0,0.9333333333333333,0.06666666666666667
0.1,0.1,0.11952358519199525,0.011140896181221391,0.0,0.0,0.2,0.8
0.1,0.2,0.13918852066088652,0.008733221604721182,0.0,0.0,0.0,1.0
0.1,0.3,0.16211539881103407,0.012307993660715773,0.0,0.0,0.0,1.0
0.1,0.5,0.20186022894177844,0.01344886959364881,0.0,0.0,0.0,1.0
0.1,1.0,0.3026728801121555,0.013113151748724088,0.0,0.0,0.0,1.0
0.12,0.0,0.11897765380831696,0.009133347801955065,0.0,0.0,0.13333333333333333,0.8666666666666667
0.12,0.1,0.13998657625151747,0.009318176807712308,0.0,0.0,0.0,1.0
0.12,0.2,0.16142246571801527,0.01144127758488643,0.0,0.0,0.0,1.0
0.12,0.3,0.17766015584734265,0.010626158693813876,0.0,0.0,0.0,1.0
0.12,0.5,0.21501700664188825,0.0139831374631059,0.0,0.0,0.0,1.0
0.12,1.0,0.3139875434319465,0.011740433765982689,0.0,0.0,0.0,1.0
